Época;Amostra;Entradas;Esperado;Saída;Erro;Pesos;Bias
1;1;[0.0, 1.0, -1.0, 6.0, 9.0, 4.0];-1;-1;0;[0.15, 0.41, -0.91, -0.54, -0.42, -0.84];-0.53
1;2;[8.0, 3.0, 6.0, 3.0, 9.0, 1.0];-1;-1;0;[0.15, 0.41, -0.91, -0.54, -0.42, -0.84];-0.53
1;3;[-2.0, 4.0, -2.0, 3.0, -1.0, 5.0];-1;-1;0;[0.15, 0.41, -0.91, -0.54, -0.42, -0.84];-0.53
1;4;[9.0, 1.0, 6.0, 7.0, 1.0, 5.0];1;-1;2;[0.24, 0.42, -0.85, -0.47, -0.41, -0.79];-0.52
1;5;[9.0, 0.0, 9.0, 7.0, 3.0, 8.0];1;-1;2;[0.33, 0.42, -0.76, -0.4, -0.38, -0.71];-0.51
1;6;[5.0, 7.0, 4.0, 0.0, 1.0, 6.0];-1;-1;0;[0.33, 0.42, -0.76, -0.4, -0.38, -0.71];-0.51
1;7;[2.0, 8.0, -1.0, 1.0, 7.0, -1.0];-1;1;-2;[0.31, 0.34, -0.75, -0.41, -0.45, -0.7];-0.52
1;8;[5.0, 9.0, -1.0, 9.0, 2.0, -2.0];-1;1;-2;[0.26, 0.25, -0.74, -0.5, -0.47, -0.68];-0.53
1;9;[2.0, 5.0, 6.0, 5.0, 3.0, 8.0];1;-1;2;[0.28, 0.3, -0.68, -0.45, -0.44, -0.6];-0.52
1;10;[7.0, -1.0, 1.0, 5.0, 5.0, 5.0];-1;-1;0;[0.28, 0.3, -0.68, -0.45, -0.44, -0.6];-0.52
1;11;[9.0, 3.0, 3.0, 1.0, -2.0, 1.0];-1;1;-2;[0.19, 0.27, -0.71, -0.46, -0.42, -0.61];-0.53
1;12;[-1.0, 9.0, 0.0, 0.0, -1.0, 3.0];-1;1;-2;[0.2, 0.18, -0.71, -0.46, -0.41, -0.64];-0.54
1;13;[-2.0, -1.0, 8.0, -1.0, 8.0, 8.0];-1;-1;0;[0.2, 0.18, -0.71, -0.46, -0.41, -0.64];-0.54
1;14;[1.0, -2.0, 9.0, 8.0, 7.0, 9.0];1;-1;2;[0.21, 0.16, -0.62, -0.38, -0.34, -0.55];-0.53
1;15;[-1.0, 1.0, -1.0, 8.0, 9.0, 4.0];-1;-1;0;[0.21, 0.16, -0.62, -0.38, -0.34, -0.55];-0.53
1;16;[8.0, 6.0, 6.0, 0.0, 7.0, 2.0];-1;-1;0;[0.21, 0.16, -0.62, -0.38, -0.34, -0.55];-0.53
1;17;[-1.0, 7.0, 6.0, 0.0, 2.0, 5.0];-1;-1;0;[0.21, 0.16, -0.62, -0.38, -0.34, -0.55];-0.53
1;18;[6.0, 7.0, -1.0, 5.0, 8.0, 6.0];1;-1;2;[0.27, 0.23, -0.63, -0.33, -0.26, -0.49];-0.52
1;19;[9.0, 9.0, 5.0, 5.0, 8.0, 0.0];1;-1;2;[0.36, 0.32, -0.58, -0.28, -0.18, -0.49];-0.51
1;20;[4.0, 3.0, -2.0, 4.0, 2.0, 4.0];-1;-1;0;[0.36, 0.32, -0.58, -0.28, -0.18, -0.49];-0.51
1;21;[9.0, 0.0, 4.0, -2.0, -1.0, 5.0];-1;-1;0;[0.36, 0.32, -0.58, -0.28, -0.18, -0.49];-0.51
2;1;[0.0, 1.0, -1.0, 6.0, 9.0, 4.0];-1;-1;0;[0.36, 0.32, -0.58, -0.28, -0.18, -0.49];-0.51
2;2;[8.0, 3.0, 6.0, 3.0, 9.0, 1.0];-1;-1;0;[0.36, 0.32, -0.58, -0.28, -0.18, -0.49];-0.51
2;3;[-2.0, 4.0, -2.0, 3.0, -1.0, 5.0];-1;-1;0;[0.36, 0.32, -0.58, -0.28, -0.18, -0.49];-0.51
2;4;[9.0, 1.0, 6.0, 7.0, 1.0, 5.0];1;-1;2;[0.45, 0.33, -0.52, -0.21, -0.17, -0.44];-0.5
2;5;[9.0, 0.0, 9.0, 7.0, 3.0, 8.0];1;-1;2;[0.54, 0.33, -0.43, -0.14, -0.14, -0.36];-0.49
2;6;[5.0, 7.0, 4.0, 0.0, 1.0, 6.0];-1;1;-2;[0.49, 0.26, -0.47, -0.14, -0.15, -0.42];-0.5
2;7;[2.0, 8.0, -1.0, 1.0, 7.0, -1.0];-1;1;-2;[0.47, 0.18, -0.46, -0.15, -0.22, -0.41];-0.51
2;8;[5.0, 9.0, -1.0, 9.0, 2.0, -2.0];-1;1;-2;[0.42, 0.09, -0.45, -0.24, -0.24, -0.39];-0.52
2;9;[2.0, 5.0, 6.0, 5.0, 3.0, 8.0];1;-1;2;[0.44, 0.14, -0.39, -0.19, -0.21, -0.31];-0.51
2;10;[7.0, -1.0, 1.0, 5.0, 5.0, 5.0];-1;-1;0;[0.44, 0.14, -0.39, -0.19, -0.21, -0.31];-0.51
2;11;[9.0, 3.0, 3.0, 1.0, -2.0, 1.0];-1;1;-2;[0.35, 0.11, -0.42, -0.2, -0.19, -0.32];-0.52
2;12;[-1.0, 9.0, 0.0, 0.0, -1.0, 3.0];-1;-1;0;[0.35, 0.11, -0.42, -0.2, -0.19, -0.32];-0.52
2;13;[-2.0, -1.0, 8.0, -1.0, 8.0, 8.0];-1;-1;0;[0.35, 0.11, -0.42, -0.2, -0.19, -0.32];-0.52
2;14;[1.0, -2.0, 9.0, 8.0, 7.0, 9.0];1;-1;2;[0.36, 0.09, -0.33, -0.12, -0.12, -0.23];-0.51
2;15;[-1.0, 1.0, -1.0, 8.0, 9.0, 4.0];-1;-1;0;[0.36, 0.09, -0.33, -0.12, -0.12, -0.23];-0.51
2;16;[8.0, 6.0, 6.0, 0.0, 7.0, 2.0];-1;-1;0;[0.36, 0.09, -0.33, -0.12, -0.12, -0.23];-0.51
2;17;[-1.0, 7.0, 6.0, 0.0, 2.0, 5.0];-1;-1;0;[0.36, 0.09, -0.33, -0.12, -0.12, -0.23];-0.51
2;18;[6.0, 7.0, -1.0, 5.0, 8.0, 6.0];1;-1;2;[0.42, 0.16, -0.34, -0.07, -0.04, -0.17];-0.5
2;19;[9.0, 9.0, 5.0, 5.0, 8.0, 0.0];1;1;0;[0.42, 0.16, -0.34, -0.07, -0.04, -0.17];-0.5
2;20;[4.0, 3.0, -2.0, 4.0, 2.0, 4.0];-1;1;-2;[0.38, 0.13, -0.32, -0.11, -0.06, -0.21];-0.51
2;21;[9.0, 0.0, 4.0, -2.0, -1.0, 5.0];-1;1;-2;[0.29, 0.13, -0.36, -0.09, -0.05, -0.26];-0.52
3;1;[0.0, 1.0, -1.0, 6.0, 9.0, 4.0];-1;-1;0;[0.29, 0.13, -0.36, -0.09, -0.05, -0.26];-0.52
3;2;[8.0, 3.0, 6.0, 3.0, 9.0, 1.0];-1;-1;0;[0.29, 0.13, -0.36, -0.09, -0.05, -0.26];-0.52
3;3;[-2.0, 4.0, -2.0, 3.0, -1.0, 5.0];-1;-1;0;[0.29, 0.13, -0.36, -0.09, -0.05, -0.26];-0.52
3;4;[9.0, 1.0, 6.0, 7.0, 1.0, 5.0];1;-1;2;[0.38, 0.14, -0.3, -0.02, -0.04, -0.21];-0.51
3;5;[9.0, 0.0, 9.0, 7.0, 3.0, 8.0];1;-1;2;[0.47, 0.14, -0.21, 0.05, -0.01, -0.13];-0.5
3;6;[5.0, 7.0, 4.0, 0.0, 1.0, 6.0];-1;1;-2;[0.42, 0.07, -0.25, 0.05, -0.02, -0.19];-0.51
3;7;[2.0, 8.0, -1.0, 1.0, 7.0, -1.0];-1;1;-2;[0.4, -0.01, -0.24, 0.04, -0.09, -0.18];-0.52
3;8;[5.0, 9.0, -1.0, 9.0, 2.0, -2.0];-1;1;-2;[0.35, -0.1, -0.23, -0.05, -0.11, -0.16];-0.53
3;9;[2.0, 5.0, 6.0, 5.0, 3.0, 8.0];1;-1;2;[0.37, -0.05, -0.17, -0.0, -0.08, -0.08];-0.52
3;10;[7.0, -1.0, 1.0, 5.0, 5.0, 5.0];-1;1;-2;[0.3, -0.04, -0.18, -0.05, -0.13, -0.13];-0.53
3;11;[9.0, 3.0, 3.0, 1.0, -2.0, 1.0];-1;1;-2;[0.21, -0.07, -0.21, -0.06, -0.11, -0.14];-0.54
3;12;[-1.0, 9.0, 0.0, 0.0, -1.0, 3.0];-1;-1;0;[0.21, -0.07, -0.21, -0.06, -0.11, -0.14];-0.54
3;13;[-2.0, -1.0, 8.0, -1.0, 8.0, 8.0];-1;-1;0;[0.21, -0.07, -0.21, -0.06, -0.11, -0.14];-0.54
3;14;[1.0, -2.0, 9.0, 8.0, 7.0, 9.0];1;-1;2;[0.22, -0.09, -0.12, 0.02, -0.04, -0.05];-0.53
3;15;[-1.0, 1.0, -1.0, 8.0, 9.0, 4.0];-1;-1;0;[0.22, -0.09, -0.12, 0.02, -0.04, -0.05];-0.53
3;16;[8.0, 6.0, 6.0, 0.0, 7.0, 2.0];-1;-1;0;[0.22, -0.09, -0.12, 0.02, -0.04, -0.05];-0.53
3;17;[-1.0, 7.0, 6.0, 0.0, 2.0, 5.0];-1;-1;0;[0.22, -0.09, -0.12, 0.02, -0.04, -0.05];-0.53
3;18;[6.0, 7.0, -1.0, 5.0, 8.0, 6.0];1;-1;2;[0.28, -0.02, -0.13, 0.07, 0.04, 0.01];-0.52
3;19;[9.0, 9.0, 5.0, 5.0, 8.0, 0.0];1;1;0;[0.28, -0.02, -0.13, 0.07, 0.04, 0.01];-0.52
3;20;[4.0, 3.0, -2.0, 4.0, 2.0, 4.0];-1;1;-2;[0.24, -0.05, -0.11, 0.03, 0.02, -0.03];-0.53
3;21;[9.0, 0.0, 4.0, -2.0, -1.0, 5.0];-1;1;-2;[0.15, -0.05, -0.15, 0.05, 0.03, -0.08];-0.54
4;1;[0.0, 1.0, -1.0, 6.0, 9.0, 4.0];-1;-1;0;[0.15, -0.05, -0.15, 0.05, 0.03, -0.08];-0.54
4;2;[8.0, 3.0, 6.0, 3.0, 9.0, 1.0];-1;-1;0;[0.15, -0.05, -0.15, 0.05, 0.03, -0.08];-0.54
4;3;[-2.0, 4.0, -2.0, 3.0, -1.0, 5.0];-1;-1;0;[0.15, -0.05, -0.15, 0.05, 0.03, -0.08];-0.54
4;4;[9.0, 1.0, 6.0, 7.0, 1.0, 5.0];1;-1;2;[0.24, -0.04, -0.09, 0.12, 0.04, -0.03];-0.53
4;5;[9.0, 0.0, 9.0, 7.0, 3.0, 8.0];1;1;0;[0.24, -0.04, -0.09, 0.12, 0.04, -0.03];-0.53
4;6;[5.0, 7.0, 4.0, 0.0, 1.0, 6.0];-1;-1;0;[0.24, -0.04, -0.09, 0.12, 0.04, -0.03];-0.53
4;7;[2.0, 8.0, -1.0, 1.0, 7.0, -1.0];-1;1;-2;[0.22, -0.12, -0.08, 0.11, -0.03, -0.02];-0.54
4;8;[5.0, 9.0, -1.0, 9.0, 2.0, -2.0];-1;1;-2;[0.17, -0.21, -0.07, 0.02, -0.05, -0.0];-0.55
4;9;[2.0, 5.0, 6.0, 5.0, 3.0, 8.0];1;-1;2;[0.19, -0.16, -0.01, 0.07, -0.02, 0.08];-0.54
4;10;[7.0, -1.0, 1.0, 5.0, 5.0, 5.0];-1;1;-2;[0.12, -0.15, -0.02, 0.02, -0.07, 0.03];-0.55
4;11;[9.0, 3.0, 3.0, 1.0, -2.0, 1.0];-1;1;-2;[0.03, -0.18, -0.05, 0.01, -0.05, 0.02];-0.56
4;12;[-1.0, 9.0, 0.0, 0.0, -1.0, 3.0];-1;-1;0;[0.03, -0.18, -0.05, 0.01, -0.05, 0.02];-0.56
4;13;[-2.0, -1.0, 8.0, -1.0, 8.0, 8.0];-1;-1;0;[0.03, -0.18, -0.05, 0.01, -0.05, 0.02];-0.56
4;14;[1.0, -2.0, 9.0, 8.0, 7.0, 9.0];1;-1;2;[0.04, -0.2, 0.04, 0.09, 0.02, 0.11];-0.55
4;15;[-1.0, 1.0, -1.0, 8.0, 9.0, 4.0];-1;1;-2;[0.05, -0.21, 0.05, 0.01, -0.07, 0.07];-0.56
4;16;[8.0, 6.0, 6.0, 0.0, 7.0, 2.0];-1;-1;0;[0.05, -0.21, 0.05, 0.01, -0.07, 0.07];-0.56
4;17;[-1.0, 7.0, 6.0, 0.0, 2.0, 5.0];-1;-1;0;[0.05, -0.21, 0.05, 0.01, -0.07, 0.07];-0.56
4;18;[6.0, 7.0, -1.0, 5.0, 8.0, 6.0];1;-1;2;[0.11, -0.14, 0.04, 0.06, 0.01, 0.13];-0.55
4;19;[9.0, 9.0, 5.0, 5.0, 8.0, 0.0];1;-1;2;[0.2, -0.05, 0.09, 0.11, 0.09, 0.13];-0.54
4;20;[4.0, 3.0, -2.0, 4.0, 2.0, 4.0];-1;1;-2;[0.16, -0.08, 0.11, 0.07, 0.07, 0.09];-0.55
4;21;[9.0, 0.0, 4.0, -2.0, -1.0, 5.0];-1;1;-2;[0.07, -0.08, 0.07, 0.09, 0.08, 0.04];-0.56
5;1;[0.0, 1.0, -1.0, 6.0, 9.0, 4.0];-1;1;-2;[0.07, -0.09, 0.08, 0.03, -0.01, -0.0];-0.57
5;2;[8.0, 3.0, 6.0, 3.0, 9.0, 1.0];-1;1;-2;[-0.01, -0.12, 0.02, -0.0, -0.1, -0.01];-0.58
5;3;[-2.0, 4.0, -2.0, 3.0, -1.0, 5.0];-1;-1;0;[-0.01, -0.12, 0.02, -0.0, -0.1, -0.01];-0.58
5;4;[9.0, 1.0, 6.0, 7.0, 1.0, 5.0];1;-1;2;[0.08, -0.11, 0.08, 0.07, -0.09, 0.04];-0.57
5;5;[9.0, 0.0, 9.0, 7.0, 3.0, 8.0];1;1;0;[0.08, -0.11, 0.08, 0.07, -0.09, 0.04];-0.57
5;6;[5.0, 7.0, 4.0, 0.0, 1.0, 6.0];-1;-1;0;[0.08, -0.11, 0.08, 0.07, -0.09, 0.04];-0.57
5;7;[2.0, 8.0, -1.0, 1.0, 7.0, -1.0];-1;-1;0;[0.08, -0.11, 0.08, 0.07, -0.09, 0.04];-0.57
5;8;[5.0, 9.0, -1.0, 9.0, 2.0, -2.0];-1;-1;0;[0.08, -0.11, 0.08, 0.07, -0.09, 0.04];-0.57
5;9;[2.0, 5.0, 6.0, 5.0, 3.0, 8.0];1;-1;2;[0.1, -0.06, 0.14, 0.12, -0.06, 0.12];-0.56
5;10;[7.0, -1.0, 1.0, 5.0, 5.0, 5.0];-1;1;-2;[0.03, -0.05, 0.13, 0.07, -0.11, 0.07];-0.57
5;11;[9.0, 3.0, 3.0, 1.0, -2.0, 1.0];-1;1;-2;[-0.06, -0.08, 0.1, 0.06, -0.09, 0.06];-0.58
5;12;[-1.0, 9.0, 0.0, 0.0, -1.0, 3.0];-1;-1;0;[-0.06, -0.08, 0.1, 0.06, -0.09, 0.06];-0.58
5;13;[-2.0, -1.0, 8.0, -1.0, 8.0, 8.0];-1;1;-2;[-0.04, -0.07, 0.02, 0.07, -0.17, -0.02];-0.59
5;14;[1.0, -2.0, 9.0, 8.0, 7.0, 9.0];1;-1;2;[-0.03, -0.09, 0.11, 0.15, -0.1, 0.07];-0.58
5;15;[-1.0, 1.0, -1.0, 8.0, 9.0, 4.0];-1;-1;0;[-0.03, -0.09, 0.11, 0.15, -0.1, 0.07];-0.58
5;16;[8.0, 6.0, 6.0, 0.0, 7.0, 2.0];-1;-1;0;[-0.03, -0.09, 0.11, 0.15, -0.1, 0.07];-0.58
5;17;[-1.0, 7.0, 6.0, 0.0, 2.0, 5.0];-1;-1;0;[-0.03, -0.09, 0.11, 0.15, -0.1, 0.07];-0.58
5;18;[6.0, 7.0, -1.0, 5.0, 8.0, 6.0];1;-1;2;[0.03, -0.02, 0.1, 0.2, -0.02, 0.13];-0.57
5;19;[9.0, 9.0, 5.0, 5.0, 8.0, 0.0];1;1;0;[0.03, -0.02, 0.1, 0.2, -0.02, 0.13];-0.57
5;20;[4.0, 3.0, -2.0, 4.0, 2.0, 4.0];-1;1;-2;[-0.01, -0.05, 0.12, 0.16, -0.04, 0.09];-0.58
5;21;[9.0, 0.0, 4.0, -2.0, -1.0, 5.0];-1;1;-2;[-0.1, -0.05, 0.08, 0.18, -0.03, 0.04];-0.59
6;1;[0.0, 1.0, -1.0, 6.0, 9.0, 4.0];-1;1;-2;[-0.1, -0.06, 0.09, 0.12, -0.12, -0.0];-0.6
6;2;[8.0, 3.0, 6.0, 3.0, 9.0, 1.0];-1;-1;0;[-0.1, -0.06, 0.09, 0.12, -0.12, -0.0];-0.6
6;3;[-2.0, 4.0, -2.0, 3.0, -1.0, 5.0];-1;-1;0;[-0.1, -0.06, 0.09, 0.12, -0.12, -0.0];-0.6
6;4;[9.0, 1.0, 6.0, 7.0, 1.0, 5.0];1;-1;2;[-0.01, -0.05, 0.15, 0.19, -0.11, 0.05];-0.59
6;5;[9.0, 0.0, 9.0, 7.0, 3.0, 8.0];1;1;0;[-0.01, -0.05, 0.15, 0.19, -0.11, 0.05];-0.59
6;6;[5.0, 7.0, 4.0, 0.0, 1.0, 6.0];-1;-1;0;[-0.01, -0.05, 0.15, 0.19, -0.11, 0.05];-0.59
6;7;[2.0, 8.0, -1.0, 1.0, 7.0, -1.0];-1;-1;0;[-0.01, -0.05, 0.15, 0.19, -0.11, 0.05];-0.59
6;8;[5.0, 9.0, -1.0, 9.0, 2.0, -2.0];-1;1;-2;[-0.06, -0.14, 0.16, 0.1, -0.13, 0.07];-0.6
6;9;[2.0, 5.0, 6.0, 5.0, 3.0, 8.0];1;1;0;[-0.06, -0.14, 0.16, 0.1, -0.13, 0.07];-0.6
6;10;[7.0, -1.0, 1.0, 5.0, 5.0, 5.0];-1;-1;0;[-0.06, -0.14, 0.16, 0.1, -0.13, 0.07];-0.6
6;11;[9.0, 3.0, 3.0, 1.0, -2.0, 1.0];-1;-1;0;[-0.06, -0.14, 0.16, 0.1, -0.13, 0.07];-0.6
6;12;[-1.0, 9.0, 0.0, 0.0, -1.0, 3.0];-1;-1;0;[-0.06, -0.14, 0.16, 0.1, -0.13, 0.07];-0.6
6;13;[-2.0, -1.0, 8.0, -1.0, 8.0, 8.0];-1;1;-2;[-0.04, -0.13, 0.08, 0.11, -0.21, -0.01];-0.61
6;14;[1.0, -2.0, 9.0, 8.0, 7.0, 9.0];1;-1;2;[-0.03, -0.15, 0.17, 0.19, -0.14, 0.08];-0.6
6;15;[-1.0, 1.0, -1.0, 8.0, 9.0, 4.0];-1;-1;0;[-0.03, -0.15, 0.17, 0.19, -0.14, 0.08];-0.6
6;16;[8.0, 6.0, 6.0, 0.0, 7.0, 2.0];-1;-1;0;[-0.03, -0.15, 0.17, 0.19, -0.14, 0.08];-0.6
6;17;[-1.0, 7.0, 6.0, 0.0, 2.0, 5.0];-1;-1;0;[-0.03, -0.15, 0.17, 0.19, -0.14, 0.08];-0.6
6;18;[6.0, 7.0, -1.0, 5.0, 8.0, 6.0];1;-1;2;[0.03, -0.08, 0.16, 0.24, -0.06, 0.14];-0.59
6;19;[9.0, 9.0, 5.0, 5.0, 8.0, 0.0];1;1;0;[0.03, -0.08, 0.16, 0.24, -0.06, 0.14];-0.59
6;20;[4.0, 3.0, -2.0, 4.0, 2.0, 4.0];-1;1;-2;[-0.01, -0.11, 0.18, 0.2, -0.08, 0.1];-0.6
6;21;[9.0, 0.0, 4.0, -2.0, -1.0, 5.0];-1;1;-2;[-0.1, -0.11, 0.14, 0.22, -0.07, 0.05];-0.61
7;1;[0.0, 1.0, -1.0, 6.0, 9.0, 4.0];-1;-1;0;[-0.1, -0.11, 0.14, 0.22, -0.07, 0.05];-0.61
7;2;[8.0, 3.0, 6.0, 3.0, 9.0, 1.0];-1;-1;0;[-0.1, -0.11, 0.14, 0.22, -0.07, 0.05];-0.61
7;3;[-2.0, 4.0, -2.0, 3.0, -1.0, 5.0];-1;-1;0;[-0.1, -0.11, 0.14, 0.22, -0.07, 0.05];-0.61
7;4;[9.0, 1.0, 6.0, 7.0, 1.0, 5.0];1;1;0;[-0.1, -0.11, 0.14, 0.22, -0.07, 0.05];-0.61
7;5;[9.0, 0.0, 9.0, 7.0, 3.0, 8.0];1;1;0;[-0.1, -0.11, 0.14, 0.22, -0.07, 0.05];-0.61
7;6;[5.0, 7.0, 4.0, 0.0, 1.0, 6.0];-1;-1;0;[-0.1, -0.11, 0.14, 0.22, -0.07, 0.05];-0.61
7;7;[2.0, 8.0, -1.0, 1.0, 7.0, -1.0];-1;-1;0;[-0.1, -0.11, 0.14, 0.22, -0.07, 0.05];-0.61
7;8;[5.0, 9.0, -1.0, 9.0, 2.0, -2.0];-1;-1;0;[-0.1, -0.11, 0.14, 0.22, -0.07, 0.05];-0.61
7;9;[2.0, 5.0, 6.0, 5.0, 3.0, 8.0];1;1;0;[-0.1, -0.11, 0.14, 0.22, -0.07, 0.05];-0.61
7;10;[7.0, -1.0, 1.0, 5.0, 5.0, 5.0];-1;-1;0;[-0.1, -0.11, 0.14, 0.22, -0.07, 0.05];-0.61
7;11;[9.0, 3.0, 3.0, 1.0, -2.0, 1.0];-1;-1;0;[-0.1, -0.11, 0.14, 0.22, -0.07, 0.05];-0.61
7;12;[-1.0, 9.0, 0.0, 0.0, -1.0, 3.0];-1;-1;0;[-0.1, -0.11, 0.14, 0.22, -0.07, 0.05];-0.61
7;13;[-2.0, -1.0, 8.0, -1.0, 8.0, 8.0];-1;1;-2;[-0.08, -0.1, 0.06, 0.23, -0.15, -0.03];-0.62
7;14;[1.0, -2.0, 9.0, 8.0, 7.0, 9.0];1;1;0;[-0.08, -0.1, 0.06, 0.23, -0.15, -0.03];-0.62
7;15;[-1.0, 1.0, -1.0, 8.0, 9.0, 4.0];-1;-1;0;[-0.08, -0.1, 0.06, 0.23, -0.15, -0.03];-0.62
7;16;[8.0, 6.0, 6.0, 0.0, 7.0, 2.0];-1;-1;0;[-0.08, -0.1, 0.06, 0.23, -0.15, -0.03];-0.62
7;17;[-1.0, 7.0, 6.0, 0.0, 2.0, 5.0];-1;-1;0;[-0.08, -0.1, 0.06, 0.23, -0.15, -0.03];-0.62
7;18;[6.0, 7.0, -1.0, 5.0, 8.0, 6.0];1;-1;2;[-0.02, -0.03, 0.05, 0.28, -0.07, 0.03];-0.61
7;19;[9.0, 9.0, 5.0, 5.0, 8.0, 0.0];1;1;0;[-0.02, -0.03, 0.05, 0.28, -0.07, 0.03];-0.61
7;20;[4.0, 3.0, -2.0, 4.0, 2.0, 4.0];-1;1;-2;[-0.06, -0.06, 0.07, 0.24, -0.09, -0.01];-0.62
7;21;[9.0, 0.0, 4.0, -2.0, -1.0, 5.0];-1;-1;0;[-0.06, -0.06, 0.07, 0.24, -0.09, -0.01];-0.62
8;1;[0.0, 1.0, -1.0, 6.0, 9.0, 4.0];-1;-1;0;[-0.06, -0.06, 0.07, 0.24, -0.09, -0.01];-0.62
8;2;[8.0, 3.0, 6.0, 3.0, 9.0, 1.0];-1;-1;0;[-0.06, -0.06, 0.07, 0.24, -0.09, -0.01];-0.62
8;3;[-2.0, 4.0, -2.0, 3.0, -1.0, 5.0];-1;-1;0;[-0.06, -0.06, 0.07, 0.24, -0.09, -0.01];-0.62
8;4;[9.0, 1.0, 6.0, 7.0, 1.0, 5.0];1;1;0;[-0.06, -0.06, 0.07, 0.24, -0.09, -0.01];-0.62
8;5;[9.0, 0.0, 9.0, 7.0, 3.0, 8.0];1;1;0;[-0.06, -0.06, 0.07, 0.24, -0.09, -0.01];-0.62
8;6;[5.0, 7.0, 4.0, 0.0, 1.0, 6.0];-1;-1;0;[-0.06, -0.06, 0.07, 0.24, -0.09, -0.01];-0.62
8;7;[2.0, 8.0, -1.0, 1.0, 7.0, -1.0];-1;-1;0;[-0.06, -0.06, 0.07, 0.24, -0.09, -0.01];-0.62
8;8;[5.0, 9.0, -1.0, 9.0, 2.0, -2.0];-1;1;-2;[-0.11, -0.15, 0.08, 0.15, -0.11, 0.01];-0.63
8;9;[2.0, 5.0, 6.0, 5.0, 3.0, 8.0];1;-1;2;[-0.09, -0.1, 0.14, 0.2, -0.08, 0.09];-0.62
8;10;[7.0, -1.0, 1.0, 5.0, 5.0, 5.0];-1;1;-2;[-0.16, -0.09, 0.13, 0.15, -0.13, 0.04];-0.63
8;11;[9.0, 3.0, 3.0, 1.0, -2.0, 1.0];-1;-1;0;[-0.16, -0.09, 0.13, 0.15, -0.13, 0.04];-0.63
8;12;[-1.0, 9.0, 0.0, 0.0, -1.0, 3.0];-1;-1;0;[-0.16, -0.09, 0.13, 0.15, -0.13, 0.04];-0.63
8;13;[-2.0, -1.0, 8.0, -1.0, 8.0, 8.0];-1;-1;0;[-0.16, -0.09, 0.13, 0.15, -0.13, 0.04];-0.63
8;14;[1.0, -2.0, 9.0, 8.0, 7.0, 9.0];1;1;0;[-0.16, -0.09, 0.13, 0.15, -0.13, 0.04];-0.63
8;15;[-1.0, 1.0, -1.0, 8.0, 9.0, 4.0];-1;-1;0;[-0.16, -0.09, 0.13, 0.15, -0.13, 0.04];-0.63
8;16;[8.0, 6.0, 6.0, 0.0, 7.0, 2.0];-1;-1;0;[-0.16, -0.09, 0.13, 0.15, -0.13, 0.04];-0.63
8;17;[-1.0, 7.0, 6.0, 0.0, 2.0, 5.0];-1;-1;0;[-0.16, -0.09, 0.13, 0.15, -0.13, 0.04];-0.63
8;18;[6.0, 7.0, -1.0, 5.0, 8.0, 6.0];1;-1;2;[-0.1, -0.02, 0.12, 0.2, -0.05, 0.1];-0.62
8;19;[9.0, 9.0, 5.0, 5.0, 8.0, 0.0];1;-1;2;[-0.01, 0.07, 0.17, 0.25, 0.03, 0.1];-0.61
8;20;[4.0, 3.0, -2.0, 4.0, 2.0, 4.0];-1;1;-2;[-0.05, 0.04, 0.19, 0.21, 0.01, 0.06];-0.62
8;21;[9.0, 0.0, 4.0, -2.0, -1.0, 5.0];-1;-1;0;[-0.05, 0.04, 0.19, 0.21, 0.01, 0.06];-0.62
9;1;[0.0, 1.0, -1.0, 6.0, 9.0, 4.0];-1;1;-2;[-0.05, 0.03, 0.2, 0.15, -0.08, 0.02];-0.63
9;2;[8.0, 3.0, 6.0, 3.0, 9.0, 1.0];-1;1;-2;[-0.13, -0.0, 0.14, 0.12, -0.17, 0.01];-0.64
9;3;[-2.0, 4.0, -2.0, 3.0, -1.0, 5.0];-1;-1;0;[-0.13, -0.0, 0.14, 0.12, -0.17, 0.01];-0.64
9;4;[9.0, 1.0, 6.0, 7.0, 1.0, 5.0];1;-1;2;[-0.04, 0.01, 0.2, 0.19, -0.16, 0.06];-0.63
9;5;[9.0, 0.0, 9.0, 7.0, 3.0, 8.0];1;1;0;[-0.04, 0.01, 0.2, 0.19, -0.16, 0.06];-0.63
9;6;[5.0, 7.0, 4.0, 0.0, 1.0, 6.0];-1;1;-2;[-0.09, -0.06, 0.16, 0.19, -0.17, -0.0];-0.64
9;7;[2.0, 8.0, -1.0, 1.0, 7.0, -1.0];-1;-1;0;[-0.09, -0.06, 0.16, 0.19, -0.17, -0.0];-0.64
9;8;[5.0, 9.0, -1.0, 9.0, 2.0, -2.0];-1;-1;0;[-0.09, -0.06, 0.16, 0.19, -0.17, -0.0];-0.64
9;9;[2.0, 5.0, 6.0, 5.0, 3.0, 8.0];1;1;0;[-0.09, -0.06, 0.16, 0.19, -0.17, -0.0];-0.64
9;10;[7.0, -1.0, 1.0, 5.0, 5.0, 5.0];-1;-1;0;[-0.09, -0.06, 0.16, 0.19, -0.17, -0.0];-0.64
9;11;[9.0, 3.0, 3.0, 1.0, -2.0, 1.0];-1;-1;0;[-0.09, -0.06, 0.16, 0.19, -0.17, -0.0];-0.64
9;12;[-1.0, 9.0, 0.0, 0.0, -1.0, 3.0];-1;-1;0;[-0.09, -0.06, 0.16, 0.19, -0.17, -0.0];-0.64
9;13;[-2.0, -1.0, 8.0, -1.0, 8.0, 8.0];-1;-1;0;[-0.09, -0.06, 0.16, 0.19, -0.17, -0.0];-0.64
9;14;[1.0, -2.0, 9.0, 8.0, 7.0, 9.0];1;1;0;[-0.09, -0.06, 0.16, 0.19, -0.17, -0.0];-0.64
9;15;[-1.0, 1.0, -1.0, 8.0, 9.0, 4.0];-1;-1;0;[-0.09, -0.06, 0.16, 0.19, -0.17, -0.0];-0.64
9;16;[8.0, 6.0, 6.0, 0.0, 7.0, 2.0];-1;-1;0;[-0.09, -0.06, 0.16, 0.19, -0.17, -0.0];-0.64
9;17;[-1.0, 7.0, 6.0, 0.0, 2.0, 5.0];-1;-1;0;[-0.09, -0.06, 0.16, 0.19, -0.17, -0.0];-0.64
9;18;[6.0, 7.0, -1.0, 5.0, 8.0, 6.0];1;-1;2;[-0.03, 0.01, 0.15, 0.24, -0.09, 0.06];-0.63
9;19;[9.0, 9.0, 5.0, 5.0, 8.0, 0.0];1;1;0;[-0.03, 0.01, 0.15, 0.24, -0.09, 0.06];-0.63
9;20;[4.0, 3.0, -2.0, 4.0, 2.0, 4.0];-1;-1;0;[-0.03, 0.01, 0.15, 0.24, -0.09, 0.06];-0.63
9;21;[9.0, 0.0, 4.0, -2.0, -1.0, 5.0];-1;-1;0;[-0.03, 0.01, 0.15, 0.24, -0.09, 0.06];-0.63
10;1;[0.0, 1.0, -1.0, 6.0, 9.0, 4.0];-1;1;-2;[-0.03, -0.0, 0.16, 0.18, -0.18, 0.02];-0.64
10;2;[8.0, 3.0, 6.0, 3.0, 9.0, 1.0];-1;-1;0;[-0.03, -0.0, 0.16, 0.18, -0.18, 0.02];-0.64
10;3;[-2.0, 4.0, -2.0, 3.0, -1.0, 5.0];-1;-1;0;[-0.03, -0.0, 0.16, 0.18, -0.18, 0.02];-0.64
10;4;[9.0, 1.0, 6.0, 7.0, 1.0, 5.0];1;1;0;[-0.03, -0.0, 0.16, 0.18, -0.18, 0.02];-0.64
10;5;[9.0, 0.0, 9.0, 7.0, 3.0, 8.0];1;1;0;[-0.03, -0.0, 0.16, 0.18, -0.18, 0.02];-0.64
10;6;[5.0, 7.0, 4.0, 0.0, 1.0, 6.0];-1;-1;0;[-0.03, -0.0, 0.16, 0.18, -0.18, 0.02];-0.64
10;7;[2.0, 8.0, -1.0, 1.0, 7.0, -1.0];-1;-1;0;[-0.03, -0.0, 0.16, 0.18, -0.18, 0.02];-0.64
10;8;[5.0, 9.0, -1.0, 9.0, 2.0, -2.0];-1;1;-2;[-0.08, -0.09, 0.17, 0.09, -0.2, 0.04];-0.65
10;9;[2.0, 5.0, 6.0, 5.0, 3.0, 8.0];1;-1;2;[-0.06, -0.04, 0.23, 0.14, -0.17, 0.12];-0.64
10;10;[7.0, -1.0, 1.0, 5.0, 5.0, 5.0];-1;-1;0;[-0.06, -0.04, 0.23, 0.14, -0.17, 0.12];-0.64
10;11;[9.0, 3.0, 3.0, 1.0, -2.0, 1.0];-1;1;-2;[-0.15, -0.07, 0.2, 0.13, -0.15, 0.11];-0.65
10;12;[-1.0, 9.0, 0.0, 0.0, -1.0, 3.0];-1;-1;0;[-0.15, -0.07, 0.2, 0.13, -0.15, 0.11];-0.65
10;13;[-2.0, -1.0, 8.0, -1.0, 8.0, 8.0];-1;1;-2;[-0.13, -0.06, 0.12, 0.14, -0.23, 0.03];-0.66
10;14;[1.0, -2.0, 9.0, 8.0, 7.0, 9.0];1;1;0;[-0.13, -0.06, 0.12, 0.14, -0.23, 0.03];-0.66
10;15;[-1.0, 1.0, -1.0, 8.0, 9.0, 4.0];-1;-1;0;[-0.13, -0.06, 0.12, 0.14, -0.23, 0.03];-0.66
10;16;[8.0, 6.0, 6.0, 0.0, 7.0, 2.0];-1;-1;0;[-0.13, -0.06, 0.12, 0.14, -0.23, 0.03];-0.66
10;17;[-1.0, 7.0, 6.0, 0.0, 2.0, 5.0];-1;-1;0;[-0.13, -0.06, 0.12, 0.14, -0.23, 0.03];-0.66
10;18;[6.0, 7.0, -1.0, 5.0, 8.0, 6.0];1;-1;2;[-0.07, 0.01, 0.11, 0.19, -0.15, 0.09];-0.65
10;19;[9.0, 9.0, 5.0, 5.0, 8.0, 0.0];1;-1;2;[0.02, 0.1, 0.16, 0.24, -0.07, 0.09];-0.64
10;20;[4.0, 3.0, -2.0, 4.0, 2.0, 4.0];-1;1;-2;[-0.02, 0.07, 0.18, 0.2, -0.09, 0.05];-0.65
10;21;[9.0, 0.0, 4.0, -2.0, -1.0, 5.0];-1;-1;0;[-0.02, 0.07, 0.18, 0.2, -0.09, 0.05];-0.65
11;1;[0.0, 1.0, -1.0, 6.0, 9.0, 4.0];-1;-1;0;[-0.02, 0.07, 0.18, 0.2, -0.09, 0.05];-0.65
11;2;[8.0, 3.0, 6.0, 3.0, 9.0, 1.0];-1;1;-2;[-0.1, 0.04, 0.12, 0.17, -0.18, 0.04];-0.66
11;3;[-2.0, 4.0, -2.0, 3.0, -1.0, 5.0];-1;1;-2;[-0.08, -0.0, 0.14, 0.14, -0.17, -0.01];-0.67
11;4;[9.0, 1.0, 6.0, 7.0, 1.0, 5.0];1;1;0;[-0.08, -0.0, 0.14, 0.14, -0.17, -0.01];-0.67
11;5;[9.0, 0.0, 9.0, 7.0, 3.0, 8.0];1;1;0;[-0.08, -0.0, 0.14, 0.14, -0.17, -0.01];-0.67
11;6;[5.0, 7.0, 4.0, 0.0, 1.0, 6.0];-1;-1;0;[-0.08, -0.0, 0.14, 0.14, -0.17, -0.01];-0.67
11;7;[2.0, 8.0, -1.0, 1.0, 7.0, -1.0];-1;-1;0;[-0.08, -0.0, 0.14, 0.14, -0.17, -0.01];-0.67
11;8;[5.0, 9.0, -1.0, 9.0, 2.0, -2.0];-1;-1;0;[-0.08, -0.0, 0.14, 0.14, -0.17, -0.01];-0.67
11;9;[2.0, 5.0, 6.0, 5.0, 3.0, 8.0];1;1;0;[-0.08, -0.0, 0.14, 0.14, -0.17, -0.01];-0.67
11;10;[7.0, -1.0, 1.0, 5.0, 5.0, 5.0];-1;-1;0;[-0.08, -0.0, 0.14, 0.14, -0.17, -0.01];-0.67
11;11;[9.0, 3.0, 3.0, 1.0, -2.0, 1.0];-1;-1;0;[-0.08, -0.0, 0.14, 0.14, -0.17, -0.01];-0.67
11;12;[-1.0, 9.0, 0.0, 0.0, -1.0, 3.0];-1;-1;0;[-0.08, -0.0, 0.14, 0.14, -0.17, -0.01];-0.67
11;13;[-2.0, -1.0, 8.0, -1.0, 8.0, 8.0];-1;-1;0;[-0.08, -0.0, 0.14, 0.14, -0.17, -0.01];-0.67
11;14;[1.0, -2.0, 9.0, 8.0, 7.0, 9.0];1;1;0;[-0.08, -0.0, 0.14, 0.14, -0.17, -0.01];-0.67
11;15;[-1.0, 1.0, -1.0, 8.0, 9.0, 4.0];-1;-1;0;[-0.08, -0.0, 0.14, 0.14, -0.17, -0.01];-0.67
11;16;[8.0, 6.0, 6.0, 0.0, 7.0, 2.0];-1;-1;0;[-0.08, -0.0, 0.14, 0.14, -0.17, -0.01];-0.67
11;17;[-1.0, 7.0, 6.0, 0.0, 2.0, 5.0];-1;-1;0;[-0.08, -0.0, 0.14, 0.14, -0.17, -0.01];-0.67
11;18;[6.0, 7.0, -1.0, 5.0, 8.0, 6.0];1;-1;2;[-0.02, 0.07, 0.13, 0.19, -0.09, 0.05];-0.66
11;19;[9.0, 9.0, 5.0, 5.0, 8.0, 0.0];1;1;0;[-0.02, 0.07, 0.13, 0.19, -0.09, 0.05];-0.66
11;20;[4.0, 3.0, -2.0, 4.0, 2.0, 4.0];-1;-1;0;[-0.02, 0.07, 0.13, 0.19, -0.09, 0.05];-0.66
11;21;[9.0, 0.0, 4.0, -2.0, -1.0, 5.0];-1;-1;0;[-0.02, 0.07, 0.13, 0.19, -0.09, 0.05];-0.66
12;1;[0.0, 1.0, -1.0, 6.0, 9.0, 4.0];-1;-1;0;[-0.02, 0.07, 0.13, 0.19, -0.09, 0.05];-0.66
12;2;[8.0, 3.0, 6.0, 3.0, 9.0, 1.0];-1;-1;0;[-0.02, 0.07, 0.13, 0.19, -0.09, 0.05];-0.66
12;3;[-2.0, 4.0, -2.0, 3.0, -1.0, 5.0];-1;1;-2;[0.0, 0.03, 0.15, 0.16, -0.08, -0.0];-0.67
12;4;[9.0, 1.0, 6.0, 7.0, 1.0, 5.0];1;1;0;[0.0, 0.03, 0.15, 0.16, -0.08, -0.0];-0.67
12;5;[9.0, 0.0, 9.0, 7.0, 3.0, 8.0];1;1;0;[0.0, 0.03, 0.15, 0.16, -0.08, -0.0];-0.67
12;6;[5.0, 7.0, 4.0, 0.0, 1.0, 6.0];-1;1;-2;[-0.05, -0.04, 0.11, 0.16, -0.09, -0.06];-0.68
12;7;[2.0, 8.0, -1.0, 1.0, 7.0, -1.0];-1;-1;0;[-0.05, -0.04, 0.11, 0.16, -0.09, -0.06];-0.68
12;8;[5.0, 9.0, -1.0, 9.0, 2.0, -2.0];-1;-1;0;[-0.05, -0.04, 0.11, 0.16, -0.09, -0.06];-0.68
12;9;[2.0, 5.0, 6.0, 5.0, 3.0, 8.0];1;-1;2;[-0.03, 0.01, 0.17, 0.21, -0.06, 0.02];-0.67
12;10;[7.0, -1.0, 1.0, 5.0, 5.0, 5.0];-1;1;-2;[-0.1, 0.02, 0.16, 0.16, -0.11, -0.03];-0.68
12;11;[9.0, 3.0, 3.0, 1.0, -2.0, 1.0];-1;-1;0;[-0.1, 0.02, 0.16, 0.16, -0.11, -0.03];-0.68
12;12;[-1.0, 9.0, 0.0, 0.0, -1.0, 3.0];-1;-1;0;[-0.1, 0.02, 0.16, 0.16, -0.11, -0.03];-0.68
12;13;[-2.0, -1.0, 8.0, -1.0, 8.0, 8.0];-1;-1;0;[-0.1, 0.02, 0.16, 0.16, -0.11, -0.03];-0.68
12;14;[1.0, -2.0, 9.0, 8.0, 7.0, 9.0];1;1;0;[-0.1, 0.02, 0.16, 0.16, -0.11, -0.03];-0.68
12;15;[-1.0, 1.0, -1.0, 8.0, 9.0, 4.0];-1;-1;0;[-0.1, 0.02, 0.16, 0.16, -0.11, -0.03];-0.68
12;16;[8.0, 6.0, 6.0, 0.0, 7.0, 2.0];-1;-1;0;[-0.1, 0.02, 0.16, 0.16, -0.11, -0.03];-0.68
12;17;[-1.0, 7.0, 6.0, 0.0, 2.0, 5.0];-1;1;-2;[-0.09, -0.05, 0.1, 0.16, -0.13, -0.08];-0.69
12;18;[6.0, 7.0, -1.0, 5.0, 8.0, 6.0];1;-1;2;[-0.03, 0.02, 0.09, 0.21, -0.05, -0.02];-0.68
12;19;[9.0, 9.0, 5.0, 5.0, 8.0, 0.0];1;1;0;[-0.03, 0.02, 0.09, 0.21, -0.05, -0.02];-0.68
12;20;[4.0, 3.0, -2.0, 4.0, 2.0, 4.0];-1;-1;0;[-0.03, 0.02, 0.09, 0.21, -0.05, -0.02];-0.68
12;21;[9.0, 0.0, 4.0, -2.0, -1.0, 5.0];-1;-1;0;[-0.03, 0.02, 0.09, 0.21, -0.05, -0.02];-0.68
13;1;[0.0, 1.0, -1.0, 6.0, 9.0, 4.0];-1;-1;0;[-0.03, 0.02, 0.09, 0.21, -0.05, -0.02];-0.68
13;2;[8.0, 3.0, 6.0, 3.0, 9.0, 1.0];-1;-1;0;[-0.03, 0.02, 0.09, 0.21, -0.05, -0.02];-0.68
13;3;[-2.0, 4.0, -2.0, 3.0, -1.0, 5.0];-1;-1;0;[-0.03, 0.02, 0.09, 0.21, -0.05, -0.02];-0.68
13;4;[9.0, 1.0, 6.0, 7.0, 1.0, 5.0];1;1;0;[-0.03, 0.02, 0.09, 0.21, -0.05, -0.02];-0.68
13;5;[9.0, 0.0, 9.0, 7.0, 3.0, 8.0];1;1;0;[-0.03, 0.02, 0.09, 0.21, -0.05, -0.02];-0.68
13;6;[5.0, 7.0, 4.0, 0.0, 1.0, 6.0];-1;-1;0;[-0.03, 0.02, 0.09, 0.21, -0.05, -0.02];-0.68
13;7;[2.0, 8.0, -1.0, 1.0, 7.0, -1.0];-1;-1;0;[-0.03, 0.02, 0.09, 0.21, -0.05, -0.02];-0.68
13;8;[5.0, 9.0, -1.0, 9.0, 2.0, -2.0];-1;1;-2;[-0.08, -0.07, 0.1, 0.12, -0.07, -0.0];-0.69
13;9;[2.0, 5.0, 6.0, 5.0, 3.0, 8.0];1;-1;2;[-0.06, -0.02, 0.16, 0.17, -0.04, 0.08];-0.68
13;10;[7.0, -1.0, 1.0, 5.0, 5.0, 5.0];-1;1;-2;[-0.13, -0.01, 0.15, 0.12, -0.09, 0.03];-0.69
13;11;[9.0, 3.0, 3.0, 1.0, -2.0, 1.0];-1;-1;0;[-0.13, -0.01, 0.15, 0.12, -0.09, 0.03];-0.69
13;12;[-1.0, 9.0, 0.0, 0.0, -1.0, 3.0];-1;-1;0;[-0.13, -0.01, 0.15, 0.12, -0.09, 0.03];-0.69
13;13;[-2.0, -1.0, 8.0, -1.0, 8.0, 8.0];-1;1;-2;[-0.11, -0.0, 0.07, 0.13, -0.17, -0.05];-0.7
13;14;[1.0, -2.0, 9.0, 8.0, 7.0, 9.0];1;-1;2;[-0.1, -0.02, 0.16, 0.21, -0.1, 0.04];-0.69
13;15;[-1.0, 1.0, -1.0, 8.0, 9.0, 4.0];-1;1;-2;[-0.09, -0.03, 0.17, 0.13, -0.19, -0.0];-0.7
13;16;[8.0, 6.0, 6.0, 0.0, 7.0, 2.0];-1;-1;0;[-0.09, -0.03, 0.17, 0.13, -0.19, -0.0];-0.7
13;17;[-1.0, 7.0, 6.0, 0.0, 2.0, 5.0];-1;-1;0;[-0.09, -0.03, 0.17, 0.13, -0.19, -0.0];-0.7
13;18;[6.0, 7.0, -1.0, 5.0, 8.0, 6.0];1;-1;2;[-0.03, 0.04, 0.16, 0.18, -0.11, 0.06];-0.69
13;19;[9.0, 9.0, 5.0, 5.0, 8.0, 0.0];1;1;0;[-0.03, 0.04, 0.16, 0.18, -0.11, 0.06];-0.69
13;20;[4.0, 3.0, -2.0, 4.0, 2.0, 4.0];-1;-1;0;[-0.03, 0.04, 0.16, 0.18, -0.11, 0.06];-0.69
13;21;[9.0, 0.0, 4.0, -2.0, -1.0, 5.0];-1;-1;0;[-0.03, 0.04, 0.16, 0.18, -0.11, 0.06];-0.69
14;1;[0.0, 1.0, -1.0, 6.0, 9.0, 4.0];-1;-1;0;[-0.03, 0.04, 0.16, 0.18, -0.11, 0.06];-0.69
14;2;[8.0, 3.0, 6.0, 3.0, 9.0, 1.0];-1;-1;0;[-0.03, 0.04, 0.16, 0.18, -0.11, 0.06];-0.69
14;3;[-2.0, 4.0, -2.0, 3.0, -1.0, 5.0];-1;1;-2;[-0.01, -0.0, 0.18, 0.15, -0.1, 0.01];-0.7
14;4;[9.0, 1.0, 6.0, 7.0, 1.0, 5.0];1;1;0;[-0.01, -0.0, 0.18, 0.15, -0.1, 0.01];-0.7
14;5;[9.0, 0.0, 9.0, 7.0, 3.0, 8.0];1;1;0;[-0.01, -0.0, 0.18, 0.15, -0.1, 0.01];-0.7
14;6;[5.0, 7.0, 4.0, 0.0, 1.0, 6.0];-1;-1;0;[-0.01, -0.0, 0.18, 0.15, -0.1, 0.01];-0.7
14;7;[2.0, 8.0, -1.0, 1.0, 7.0, -1.0];-1;-1;0;[-0.01, -0.0, 0.18, 0.15, -0.1, 0.01];-0.7
14;8;[5.0, 9.0, -1.0, 9.0, 2.0, -2.0];-1;1;-2;[-0.06, -0.09, 0.19, 0.06, -0.12, 0.03];-0.71
14;9;[2.0, 5.0, 6.0, 5.0, 3.0, 8.0];1;1;0;[-0.06, -0.09, 0.19, 0.06, -0.12, 0.03];-0.71
14;10;[7.0, -1.0, 1.0, 5.0, 5.0, 5.0];-1;-1;0;[-0.06, -0.09, 0.19, 0.06, -0.12, 0.03];-0.71
14;11;[9.0, 3.0, 3.0, 1.0, -2.0, 1.0];-1;-1;0;[-0.06, -0.09, 0.19, 0.06, -0.12, 0.03];-0.71
14;12;[-1.0, 9.0, 0.0, 0.0, -1.0, 3.0];-1;-1;0;[-0.06, -0.09, 0.19, 0.06, -0.12, 0.03];-0.71
14;13;[-2.0, -1.0, 8.0, -1.0, 8.0, 8.0];-1;1;-2;[-0.04, -0.08, 0.11, 0.07, -0.2, -0.05];-0.72
14;14;[1.0, -2.0, 9.0, 8.0, 7.0, 9.0];1;-1;2;[-0.03, -0.1, 0.2, 0.15, -0.13, 0.04];-0.71
14;15;[-1.0, 1.0, -1.0, 8.0, 9.0, 4.0];-1;-1;0;[-0.03, -0.1, 0.2, 0.15, -0.13, 0.04];-0.71
14;16;[8.0, 6.0, 6.0, 0.0, 7.0, 2.0];-1;-1;0;[-0.03, -0.1, 0.2, 0.15, -0.13, 0.04];-0.71
14;17;[-1.0, 7.0, 6.0, 0.0, 2.0, 5.0];-1;-1;0;[-0.03, -0.1, 0.2, 0.15, -0.13, 0.04];-0.71
14;18;[6.0, 7.0, -1.0, 5.0, 8.0, 6.0];1;-1;2;[0.03, -0.03, 0.19, 0.2, -0.05, 0.1];-0.7
14;19;[9.0, 9.0, 5.0, 5.0, 8.0, 0.0];1;1;0;[0.03, -0.03, 0.19, 0.2, -0.05, 0.1];-0.7
14;20;[4.0, 3.0, -2.0, 4.0, 2.0, 4.0];-1;1;-2;[-0.01, -0.06, 0.21, 0.16, -0.07, 0.06];-0.71
14;21;[9.0, 0.0, 4.0, -2.0, -1.0, 5.0];-1;1;-2;[-0.1, -0.06, 0.17, 0.18, -0.06, 0.01];-0.72
15;1;[0.0, 1.0, -1.0, 6.0, 9.0, 4.0];-1;-1;0;[-0.1, -0.06, 0.17, 0.18, -0.06, 0.01];-0.72
15;2;[8.0, 3.0, 6.0, 3.0, 9.0, 1.0];-1;-1;0;[-0.1, -0.06, 0.17, 0.18, -0.06, 0.01];-0.72
15;3;[-2.0, 4.0, -2.0, 3.0, -1.0, 5.0];-1;-1;0;[-0.1, -0.06, 0.17, 0.18, -0.06, 0.01];-0.72
15;4;[9.0, 1.0, 6.0, 7.0, 1.0, 5.0];1;1;0;[-0.1, -0.06, 0.17, 0.18, -0.06, 0.01];-0.72
15;5;[9.0, 0.0, 9.0, 7.0, 3.0, 8.0];1;1;0;[-0.1, -0.06, 0.17, 0.18, -0.06, 0.01];-0.72
15;6;[5.0, 7.0, 4.0, 0.0, 1.0, 6.0];-1;-1;0;[-0.1, -0.06, 0.17, 0.18, -0.06, 0.01];-0.72
15;7;[2.0, 8.0, -1.0, 1.0, 7.0, -1.0];-1;-1;0;[-0.1, -0.06, 0.17, 0.18, -0.06, 0.01];-0.72
15;8;[5.0, 9.0, -1.0, 9.0, 2.0, -2.0];-1;-1;0;[-0.1, -0.06, 0.17, 0.18, -0.06, 0.01];-0.72
15;9;[2.0, 5.0, 6.0, 5.0, 3.0, 8.0];1;1;0;[-0.1, -0.06, 0.17, 0.18, -0.06, 0.01];-0.72
15;10;[7.0, -1.0, 1.0, 5.0, 5.0, 5.0];-1;-1;0;[-0.1, -0.06, 0.17, 0.18, -0.06, 0.01];-0.72
15;11;[9.0, 3.0, 3.0, 1.0, -2.0, 1.0];-1;-1;0;[-0.1, -0.06, 0.17, 0.18, -0.06, 0.01];-0.72
15;12;[-1.0, 9.0, 0.0, 0.0, -1.0, 3.0];-1;-1;0;[-0.1, -0.06, 0.17, 0.18, -0.06, 0.01];-0.72
15;13;[-2.0, -1.0, 8.0, -1.0, 8.0, 8.0];-1;1;-2;[-0.08, -0.05, 0.09, 0.19, -0.14, -0.07];-0.73
15;14;[1.0, -2.0, 9.0, 8.0, 7.0, 9.0];1;-1;2;[-0.07, -0.07, 0.18, 0.27, -0.07, 0.02];-0.72
15;15;[-1.0, 1.0, -1.0, 8.0, 9.0, 4.0];-1;1;-2;[-0.06, -0.08, 0.19, 0.19, -0.16, -0.02];-0.73
15;16;[8.0, 6.0, 6.0, 0.0, 7.0, 2.0];-1;-1;0;[-0.06, -0.08, 0.19, 0.19, -0.16, -0.02];-0.73
15;17;[-1.0, 7.0, 6.0, 0.0, 2.0, 5.0];-1;-1;0;[-0.06, -0.08, 0.19, 0.19, -0.16, -0.02];-0.73
15;18;[6.0, 7.0, -1.0, 5.0, 8.0, 6.0];1;-1;2;[0.0, -0.01, 0.18, 0.24, -0.08, 0.04];-0.72
15;19;[9.0, 9.0, 5.0, 5.0, 8.0, 0.0];1;1;0;[0.0, -0.01, 0.18, 0.24, -0.08, 0.04];-0.72
15;20;[4.0, 3.0, -2.0, 4.0, 2.0, 4.0];-1;-1;0;[0.0, -0.01, 0.18, 0.24, -0.08, 0.04];-0.72
15;21;[9.0, 0.0, 4.0, -2.0, -1.0, 5.0];-1;-1;0;[0.0, -0.01, 0.18, 0.24, -0.08, 0.04];-0.72
16;1;[0.0, 1.0, -1.0, 6.0, 9.0, 4.0];-1;-1;0;[0.0, -0.01, 0.18, 0.24, -0.08, 0.04];-0.72
16;2;[8.0, 3.0, 6.0, 3.0, 9.0, 1.0];-1;1;-2;[-0.08, -0.04, 0.12, 0.21, -0.17, 0.03];-0.73
16;3;[-2.0, 4.0, -2.0, 3.0, -1.0, 5.0];-1;-1;0;[-0.08, -0.04, 0.12, 0.21, -0.17, 0.03];-0.73
16;4;[9.0, 1.0, 6.0, 7.0, 1.0, 5.0];1;1;0;[-0.08, -0.04, 0.12, 0.21, -0.17, 0.03];-0.73
16;5;[9.0, 0.0, 9.0, 7.0, 3.0, 8.0];1;1;0;[-0.08, -0.04, 0.12, 0.21, -0.17, 0.03];-0.73
16;6;[5.0, 7.0, 4.0, 0.0, 1.0, 6.0];-1;-1;0;[-0.08, -0.04, 0.12, 0.21, -0.17, 0.03];-0.73
16;7;[2.0, 8.0, -1.0, 1.0, 7.0, -1.0];-1;-1;0;[-0.08, -0.04, 0.12, 0.21, -0.17, 0.03];-0.73
16;8;[5.0, 9.0, -1.0, 9.0, 2.0, -2.0];-1;-1;0;[-0.08, -0.04, 0.12, 0.21, -0.17, 0.03];-0.73
16;9;[2.0, 5.0, 6.0, 5.0, 3.0, 8.0];1;1;0;[-0.08, -0.04, 0.12, 0.21, -0.17, 0.03];-0.73
16;10;[7.0, -1.0, 1.0, 5.0, 5.0, 5.0];-1;-1;0;[-0.08, -0.04, 0.12, 0.21, -0.17, 0.03];-0.73
16;11;[9.0, 3.0, 3.0, 1.0, -2.0, 1.0];-1;-1;0;[-0.08, -0.04, 0.12, 0.21, -0.17, 0.03];-0.73
16;12;[-1.0, 9.0, 0.0, 0.0, -1.0, 3.0];-1;-1;0;[-0.08, -0.04, 0.12, 0.21, -0.17, 0.03];-0.73
16;13;[-2.0, -1.0, 8.0, -1.0, 8.0, 8.0];-1;-1;0;[-0.08, -0.04, 0.12, 0.21, -0.17, 0.03];-0.73
16;14;[1.0, -2.0, 9.0, 8.0, 7.0, 9.0];1;1;0;[-0.08, -0.04, 0.12, 0.21, -0.17, 0.03];-0.73
16;15;[-1.0, 1.0, -1.0, 8.0, 9.0, 4.0];-1;-1;0;[-0.08, -0.04, 0.12, 0.21, -0.17, 0.03];-0.73
16;16;[8.0, 6.0, 6.0, 0.0, 7.0, 2.0];-1;-1;0;[-0.08, -0.04, 0.12, 0.21, -0.17, 0.03];-0.73
16;17;[-1.0, 7.0, 6.0, 0.0, 2.0, 5.0];-1;-1;0;[-0.08, -0.04, 0.12, 0.21, -0.17, 0.03];-0.73
16;18;[6.0, 7.0, -1.0, 5.0, 8.0, 6.0];1;-1;2;[-0.02, 0.03, 0.11, 0.26, -0.09, 0.09];-0.72
16;19;[9.0, 9.0, 5.0, 5.0, 8.0, 0.0];1;1;0;[-0.02, 0.03, 0.11, 0.26, -0.09, 0.09];-0.72
16;20;[4.0, 3.0, -2.0, 4.0, 2.0, 4.0];-1;1;-2;[-0.06, -0.0, 0.13, 0.22, -0.11, 0.05];-0.73
16;21;[9.0, 0.0, 4.0, -2.0, -1.0, 5.0];-1;-1;0;[-0.06, -0.0, 0.13, 0.22, -0.11, 0.05];-0.73
17;1;[0.0, 1.0, -1.0, 6.0, 9.0, 4.0];-1;-1;0;[-0.06, -0.0, 0.13, 0.22, -0.11, 0.05];-0.73
17;2;[8.0, 3.0, 6.0, 3.0, 9.0, 1.0];-1;-1;0;[-0.06, -0.0, 0.13, 0.22, -0.11, 0.05];-0.73
17;3;[-2.0, 4.0, -2.0, 3.0, -1.0, 5.0];-1;1;-2;[-0.04, -0.04, 0.15, 0.19, -0.1, -0.0];-0.74
17;4;[9.0, 1.0, 6.0, 7.0, 1.0, 5.0];1;1;0;[-0.04, -0.04, 0.15, 0.19, -0.1, -0.0];-0.74
17;5;[9.0, 0.0, 9.0, 7.0, 3.0, 8.0];1;1;0;[-0.04, -0.04, 0.15, 0.19, -0.1, -0.0];-0.74
17;6;[5.0, 7.0, 4.0, 0.0, 1.0, 6.0];-1;-1;0;[-0.04, -0.04, 0.15, 0.19, -0.1, -0.0];-0.74
17;7;[2.0, 8.0, -1.0, 1.0, 7.0, -1.0];-1;-1;0;[-0.04, -0.04, 0.15, 0.19, -0.1, -0.0];-0.74
17;8;[5.0, 9.0, -1.0, 9.0, 2.0, -2.0];-1;1;-2;[-0.09, -0.13, 0.16, 0.1, -0.12, 0.02];-0.75
17;9;[2.0, 5.0, 6.0, 5.0, 3.0, 8.0];1;-1;2;[-0.07, -0.08, 0.22, 0.15, -0.09, 0.1];-0.74
17;10;[7.0, -1.0, 1.0, 5.0, 5.0, 5.0];-1;-1;0;[-0.07, -0.08, 0.22, 0.15, -0.09, 0.1];-0.74
17;11;[9.0, 3.0, 3.0, 1.0, -2.0, 1.0];-1;-1;0;[-0.07, -0.08, 0.22, 0.15, -0.09, 0.1];-0.74
17;12;[-1.0, 9.0, 0.0, 0.0, -1.0, 3.0];-1;-1;0;[-0.07, -0.08, 0.22, 0.15, -0.09, 0.1];-0.74
17;13;[-2.0, -1.0, 8.0, -1.0, 8.0, 8.0];-1;1;-2;[-0.05, -0.07, 0.14, 0.16, -0.17, 0.02];-0.75
17;14;[1.0, -2.0, 9.0, 8.0, 7.0, 9.0];1;1;0;[-0.05, -0.07, 0.14, 0.16, -0.17, 0.02];-0.75
17;15;[-1.0, 1.0, -1.0, 8.0, 9.0, 4.0];-1;-1;0;[-0.05, -0.07, 0.14, 0.16, -0.17, 0.02];-0.75
17;16;[8.0, 6.0, 6.0, 0.0, 7.0, 2.0];-1;-1;0;[-0.05, -0.07, 0.14, 0.16, -0.17, 0.02];-0.75
17;17;[-1.0, 7.0, 6.0, 0.0, 2.0, 5.0];-1;-1;0;[-0.05, -0.07, 0.14, 0.16, -0.17, 0.02];-0.75
17;18;[6.0, 7.0, -1.0, 5.0, 8.0, 6.0];1;-1;2;[0.01, -0.0, 0.13, 0.21, -0.09, 0.08];-0.74
17;19;[9.0, 9.0, 5.0, 5.0, 8.0, 0.0];1;1;0;[0.01, -0.0, 0.13, 0.21, -0.09, 0.08];-0.74
17;20;[4.0, 3.0, -2.0, 4.0, 2.0, 4.0];-1;1;-2;[-0.03, -0.03, 0.15, 0.17, -0.11, 0.04];-0.75
17;21;[9.0, 0.0, 4.0, -2.0, -1.0, 5.0];-1;-1;0;[-0.03, -0.03, 0.15, 0.17, -0.11, 0.04];-0.75
